Chr,LG,Len_Con,Len_WP,Len_EW,Len_Wyn
1,D1a,98.41,107.9,121.4,107.6
2,D1b,140.63,132.2,168.1,124.6
3,N,99.51,113.3,128.4,111.8
4,C1,112.32,112.1,143.2,107.8
5,A1,86.75,121.5,127.4,112.9
6,C2,136.51,162,158,142.1
7,M,135.15,136.2,146.1,122.1
8,A2,146.67,177.7,128.3,138.5
9,K,99.6,134.1,132,111
10,O,132.89,144,145.9,122.1
11,B1,124.24,97.8,146.2,127.4
12,H,120.5,106.6,127,104.9
13,F,120.03,131.5,153.3,139.6
14,B2,108.18,102.8,70.1,104.5
15,E,99.88,110.8,131.2,114.4
16,J,92.27,98.1,99.5,95.2
17,D2,119.19,129.3,115.2,109.6
18,G,105,107.2,126.4,112
19,L,101.14,109,125.5,119.2
20,I,112.77,111.7,153.6,117.6
